date,state,cogs
2018-06-30,Maryland,106.41669999999999
2018-06-30,Ohio,189.741
2018-06-30,Texas,111.70700000000001
2018-05-31,Alabama,13.3416
2018-05-31,Arizona,668.7612
2018-05-31,Arkansas,30.807
2018-05-31,California,8066.598600000001
2018-05-31,Colorado,273.6569
2018-05-31,Connecticut,2.9375999999999998
2018-05-31,Delaware,149.76
2018-05-31,Florida,5476.958
2018-05-31,Georgia,2241.6611999999996
2018-05-31,Idaho,748.5187999999999
2018-05-31,Illinois,979.5561
2018-05-31,Indiana,1474.4778000000001
2018-05-31,Kentucky,170.89520000000002
2018-05-31,Louisiana,215.07459999999998
2018-05-31,Maryland,385.11449999999996
2018-05-31,Massachusetts,45.55199999999999
2018-05-31,Michigan,1502.8715000000002
2018-05-31,Mississippi,24.831899999999997
2018-05-31,Missouri,644.049
2018-05-31,Nevada,1104.2950999999998
2018-05-31,New Hampshire,145.9896
2018-05-31,New Jersey,215.08830000000003
2018-05-31,New York,2145.0219999999995
2018-05-31,North Carolina,1007.2878999999999
2018-05-31,North Dakota,674.9392999999999
2018-05-31,Ohio,1593.5973000000001
2018-05-31,Oregon,305.9248
2018-05-31,Pennsylvania,2333.8548000000005
2018-05-31,South Carolina,268.7444
2018-05-31,Tennessee,402.77479999999997
2018-05-31,Texas,3556.8079
2018-05-31,Virginia,492.70340000000004
2018-05-31,Washington,1502.4596000000001
2018-04-30,Alabama,500.18399999999997
2018-04-30,Arizona,525.7288
2018-04-30,California,7489.604200000001
2018-04-30,Colorado,6057.6542
2018-04-30,Connecticut,280.83549999999997
2018-04-30,Florida,3104.5865000000003
2018-04-30,Georgia,4279.845499999999
2018-04-30,Illinois,1214.9413
2018-04-30,Indiana,159.65359999999998
2018-04-30,Iowa,56.349599999999995
2018-04-30,Kentucky,519.1696
2018-04-30,Maryland,681.615
2018-04-30,Michigan,820.4540000000001
2018-04-30,Missouri,90.2572
2018-04-30,Nevada,125.728
2018-04-30,New Jersey,2063.0099
2018-04-30,New York,2107.4700999999995
2018-04-30,North Carolina,260.8291
2018-04-30,Ohio,1215.0974
2018-04-30,Pennsylvania,1177.8649000000003
2018-04-30,Rhode Island,103.3944
2018-04-30,South Carolina,106.1985
2018-04-30,Tennessee,638.6968
2018-04-30,Texas,2993.6940999999997
2018-04-30,Virginia,37.811600000000006
2018-04-30,Washington,732.983
2018-03-31,Arkansas,21.821399999999997
2018-03-31,California,9694.738800000003
2018-03-31,Colorado,1632.3076
2018-03-31,Connecticut,617.697
2018-03-31,Delaware,449.7732
2018-03-31,Florida,56.336
2018-03-31,Georgia,490.16560000000004
2018-03-31,Illinois,1068.9287000000002
2018-03-31,Indiana,148.7381
2018-03-31,Kentucky,53.144
2018-03-31,Maryland,136.551
2018-03-31,Massachusetts,91.69220000000001
2018-03-31,Michigan,665.7514
2018-03-31,Minnesota,243.82189999999997
2018-03-31,Mississippi,502.4650000000001
2018-03-31,New Jersey,6.526199999999999
2018-03-31,New Mexico,457.14689999999996
2018-03-31,New York,2362.6641999999993
2018-03-31,North Carolina,513.2986
2018-03-31,Ohio,828.8088
2018-03-31,Oklahoma,1458.1392000000003
2018-03-31,Pennsylvania,1392.0013999999999
2018-03-31,Tennessee,2.9375999999999998
2018-03-31,Texas,5878.682199999999
2018-03-31,Virginia,729.9508
2018-03-31,Washington,8712.650799999998
2018-03-31,Wisconsin,1517.2198999999998
2018-02-28,Arizona,1025.1116000000002
2018-02-28,California,5217.0493
2018-02-28,Colorado,6.3666
2018-02-28,Connecticut,506.0235
2018-02-28,Florida,568.658
2018-02-28,Georgia,884.5605999999999
2018-02-28,Illinois,3883.1247999999996
2018-02-28,Iowa,234.28089999999997
2018-02-28,Kansas,142.74899999999997
2018-02-28,Louisiana,20.7036
2018-02-28,Maryland,38.23140000000001
2018-02-28,Minnesota,51.6648
2018-02-28,New Jersey,132.4996
2018-02-28,New York,761.8949000000001
2018-02-28,Ohio,2122.0009
2018-02-28,Oklahoma,14.358999999999998
2018-02-28,Pennsylvania,1203.5742999999998
2018-02-28,Texas,2317.1978
2018-02-28,Virginia,280.77660000000003
2018-02-28,Washington,2037.9192000000003
2018-01-31,Alabama,33.2359
2018-01-31,Arizona,985.1866
2018-01-31,California,3858.353600000001
2018-01-31,Colorado,352.9365
2018-01-31,Connecticut,2.4992
2018-01-31,District of Columbia,42.696
2018-01-31,Florida,111.026
2018-01-31,Georgia,2219.3639999999996
2018-01-31,Illinois,202.468
2018-01-31,Indiana,247.52060000000006
2018-01-31,Iowa,76.3243
2018-01-31,Kansas,105.5808
2018-01-31,Kentucky,1.4094
2018-01-31,Massachusetts,6.858
2018-01-31,Michigan,6648.0004
2018-01-31,Missouri,4412.6776
2018-01-31,Montana,2733.8284999999996
2018-01-31,Nevada,107.8483
2018-01-31,New Hampshire,14.5728
2018-01-31,New Jersey,206.46
2018-01-31,New York,307.6122
2018-01-31,North Carolina,1205.5130000000001
2018-01-31,Ohio,476.8759
2018-01-31,Pennsylvania,3844.4339999999997
2018-01-31,Tennessee,225.94839999999996
2018-01-31,Texas,4961.9919
2018-01-31,Vermont,440.8640000000001
2018-01-31,Washington,1409.7839999999999
2018-01-31,Wisconsin,695.966
2017-12-31,Arizona,738.144
2017-12-31,Arkansas,515.2767
2017-12-31,California,19340.795099999992
2017-12-31,Colorado,836.2334999999998
2017-12-31,Connecticut,652.8223999999999
2017-12-31,Delaware,67.7431
2017-12-31,District of Columbia,20.691200000000002
2017-12-31,Florida,2438.667
2017-12-31,Georgia,2498.4753
2017-12-31,Illinois,1760.8502
2017-12-31,Indiana,1579.8846
2017-12-31,Iowa,61.3952
2017-12-31,Kentucky,1135.6374
2017-12-31,Maryland,255.7275
2017-12-31,Massachusetts,1311.0489000000002
2017-12-31,Michigan,8058.5049
2017-12-31,Minnesota,137.6614
2017-12-31,Mississippi,152.39600000000002
2017-12-31,Nebraska,528.51
2017-12-31,New Jersey,971.9546
2017-12-31,New Mexico,16.667499999999997
2017-12-31,New York,10585.469400000002
2017-12-31,North Carolina,1911.6912000000002
2017-12-31,Ohio,13923.0312
2017-12-31,Oklahoma,38.966800000000006
2017-12-31,Oregon,2335.5273
2017-12-31,Pennsylvania,4010.3638
2017-12-31,Rhode Island,3099.2314000000006
2017-12-31,Tennessee,173.43540000000002
2017-12-31,Texas,3741.0217000000007
2017-12-31,Virginia,2947.2659000000003
2017-12-31,Washington,5294.6984
2017-12-31,Wisconsin,2758.4278000000004
2017-11-30,Alabama,2525.2436
2017-11-30,Arizona,296.76250000000005
2017-11-30,Arkansas,41.986
2017-11-30,California,16520.397900000004
2017-11-30,Connecticut,51.9247
2017-11-30,Delaware,87.71340000000001
2017-11-30,Florida,2034.3045
2017-11-30,Georgia,423.66139999999996
2017-11-30,Illinois,536.8987999999999
2017-11-30,Indiana,2972.8565
2017-11-30,Iowa,383.3052
2017-11-30,Kansas,101.652
2017-11-30,Kentucky,1458.0354000000002
2017-11-30,Maryland,187.3568
2017-11-30,Michigan,1968.6497
2017-11-30,Missouri,62.76119999999999
2017-11-30,New Jersey,2110.8793
2017-11-30,New Mexico,22.460499999999996
2017-11-30,New York,5363.1766
2017-11-30,North Carolina,2383.2855
2017-11-30,Ohio,5572.743399999999
2017-11-30,Oklahoma,2878.3277
2017-11-30,Oregon,1994.9672
2017-11-30,Pennsylvania,2905.5552000000002
2017-11-30,Texas,5727.643000000001
2017-11-30,Virginia,1319.3965999999998
2017-11-30,Washington,1559.9715
2017-11-30,Wyoming,1502.94
2017-10-31,Alabama,189.45299999999997
2017-10-31,Arizona,617.6666
2017-10-31,California,4721.482499999999
2017-10-31,Colorado,4005.4275999999995
2017-10-31,Connecticut,867.9224
2017-10-31,Delaware,4.356
2017-10-31,Florida,1665.8528000000001
2017-10-31,Illinois,1016.8180000000001
2017-10-31,Indiana,9656.3469
2017-10-31,Iowa,5.4945
2017-10-31,Maryland,351.6532
2017-10-31,Michigan,306.24120000000005
2017-10-31,Missouri,1405.3146
2017-10-31,Nevada,2993.7663
2017-10-31,New Jersey,276.3514
2017-10-31,New York,4079.0082000000007
2017-10-31,North Carolina,713.4446
2017-10-31,Ohio,1394.3987000000002
2017-10-31,Oklahoma,732.9583
2017-10-31,Oregon,784.02
2017-10-31,Pennsylvania,384.9104
2017-10-31,Rhode Island,2908.9302000000002
2017-10-31,Tennessee,326.6703
2017-10-31,Texas,2360.5779
2017-10-31,Utah,123.27609999999999
2017-10-31,Virginia,250.912
2017-10-31,Washington,1980.2882
2017-10-31,Wisconsin,1105.3325
2017-09-30,Alabama,1056.8776
2017-09-30,Arizona,619.6691999999999
2017-09-30,Arkansas,124.54
2017-09-30,California,12002.828700000002
2017-09-30,Colorado,829.4312000000001
2017-09-30,Connecticut,26.006399999999996
2017-09-30,Florida,1044.0724
2017-09-30,Georgia,834.8251
2017-09-30,Idaho,882.6411
2017-09-30,Illinois,5024.3
2017-09-30,Indiana,177.2257
2017-09-30,Iowa,197.664
2017-09-30,Kansas,242.77499999999998
2017-09-30,Kentucky,219.60919999999996
2017-09-30,Louisiana,46.2584
2017-09-30,Maine,382.0362
2017-09-30,Maryland,362.2598
2017-09-30,Massachusetts,690.7789
2017-09-30,Michigan,1866.2897
2017-09-30,Minnesota,430.0818
2017-09-30,Missouri,221.5388
2017-09-30,Nebraska,1678.4352999999999
2017-09-30,New Hampshire,19.8303
2017-09-30,New Jersey,32.5503
2017-09-30,New York,6962.917399999998
2017-09-30,North Carolina,1957.2151
2017-09-30,Ohio,2052.7511
2017-09-30,Oklahoma,6.8148
2017-09-30,Oregon,46.0674
2017-09-30,Pennsylvania,6599.9541
2017-09-30,Rhode Island,1839.699
2017-09-30,South Carolina,13.478400000000002
2017-09-30,Tennessee,537.6427000000001
2017-09-30,Texas,6594.4948
2017-09-30,Virginia,3050.1405
2017-09-30,Washington,1840.6110000000003
2017-09-30,Wisconsin,587.1660999999999
2017-08-31,Alabama,137.935
2017-08-31,California,9639.7369
2017-08-31,Colorado,231.31920000000002
2017-08-31,Florida,1472.6372
2017-08-31,Georgia,145.50119999999998
2017-08-31,Illinois,1001.4666000000001
2017-08-31,Iowa,3.3696000000000006
2017-08-31,Louisiana,69.5224
2017-08-31,Michigan,1088.0724
2017-08-31,Mississippi,23.1066
2017-08-31,New York,3964.2602999999995
2017-08-31,North Carolina,1552.4871
2017-08-31,Ohio,1074.4932
2017-08-31,Oklahoma,274.2198
2017-08-31,Oregon,44.7984
2017-08-31,Pennsylvania,1307.4252000000001
2017-08-31,Tennessee,37.2834
2017-08-31,Texas,5804.739700000001
2017-08-31,Virginia,158.87079999999997
2017-08-31,Washington,1623.581
2017-08-31,Wisconsin,300.6066
2017-07-31,Alabama,21.75
2017-07-31,Arizona,520.8866999999999
2017-07-31,California,5095.0736
2017-07-31,Colorado,2986.7802000000006
2017-07-31,Florida,1254.3262000000002
2017-07-31,Georgia,1153.7818
2017-07-31,Illinois,1350.6998
2017-07-31,Kentucky,101.3832
2017-07-31,Louisiana,51.972
2017-07-31,Maryland,74.99160000000002
2017-07-31,Michigan,939.8335000000001
2017-07-31,Mississippi,2829.3244000000004
2017-07-31,Missouri,497.69759999999997
2017-07-31,Nevada,61.202
2017-07-31,New Jersey,462.3604
2017-07-31,New York,2814.552899999999
2017-07-31,North Carolina,368.14820000000003
2017-07-31,Ohio,1654.2015000000001
2017-07-31,Oregon,278.478
2017-07-31,Pennsylvania,4495.733
2017-07-31,Rhode Island,20.596200000000003
2017-07-31,South Carolina,344.8978000000001
2017-07-31,Texas,2765.2802
2017-07-31,Utah,1121.7778000000003
2017-07-31,Virginia,10.1806
2017-07-31,Washington,843.6314
2017-07-31,Wisconsin,675.2547000000001
2017-06-30,Alabama,877.6006000000001
2017-06-30,Arkansas,398.06429999999995
2017-06-30,California,15535.665500000003
2017-06-30,Colorado,1549.7181
2017-06-30,Connecticut,425.0933
2017-06-30,Delaware,664.1278
2017-06-30,District of Columbia,46.167
2017-06-30,Florida,1263.665
2017-06-30,Illinois,3230.8036
2017-06-30,Indiana,317.4552
2017-06-30,Kansas,10.205999999999998
2017-06-30,Massachusetts,564.1338
2017-06-30,Michigan,602.4418000000001
2017-06-30,Minnesota,519.705
2017-06-30,Mississippi,135.6924
2017-06-30,New Jersey,300.1256
2017-06-30,New York,4558.4982
2017-06-30,Ohio,1398.601
2017-06-30,Oklahoma,40.385099999999994
2017-06-30,Pennsylvania,2430.3046000000004
2017-06-30,Tennessee,147.5546
2017-06-30,Texas,1248.8952000000002
2017-06-30,Virginia,3386.4831999999997
2017-06-30,Washington,1184.1318
2017-06-30,Wisconsin,773.4926000000002
2017-05-31,Alabama,2.5398000000000005
2017-05-31,Arizona,226.3373
2017-05-31,Arkansas,72.9756
2017-05-31,California,3375.4721
2017-05-31,Colorado,92.6682
2017-05-31,Connecticut,762.4953
2017-05-31,Delaware,169.568
2017-05-31,Florida,726.3403000000001
2017-05-31,Georgia,1151.8315000000002
2017-05-31,Illinois,3344.5982
2017-05-31,Indiana,15.193999999999999
2017-05-31,Kentucky,42.7356
2017-05-31,Michigan,3042.4284
2017-05-31,Mississippi,343.658
2017-05-31,Missouri,39.2256
2017-05-31,Nevada,3585.956
2017-05-31,New Jersey,1205.2674000000002
2017-05-31,New York,5251.795599999999
2017-05-31,North Carolina,1459.9851
2017-05-31,Ohio,2428.4312999999997
2017-05-31,Pennsylvania,8502.588000000002
2017-05-31,Rhode Island,57.099599999999995
2017-05-31,Tennessee,542.6584
2017-05-31,Texas,2953.2948
2017-05-31,Virginia,637.8552000000001
2017-05-31,Washington,114.92139999999999
2017-05-31,Wisconsin,15.625200000000001
2017-04-30,Arizona,3361.5335000000005
2017-04-30,Arkansas,156.75519999999997
2017-04-30,California,5367.722500000001
2017-04-30,Colorado,1192.0044
2017-04-30,Connecticut,43.73100000000001
2017-04-30,Georgia,288.55219999999997
2017-04-30,Illinois,2444.4065
2017-04-30,Indiana,184.25199999999998
2017-04-30,Maryland,13.281799999999999
2017-04-30,Michigan,386.0972
2017-04-30,Missouri,77.958
2017-04-30,Nebraska,20.0445
2017-04-30,New Jersey,6773.7592
2017-04-30,New York,4337.6439
2017-04-30,North Carolina,1195.9210999999998
2017-04-30,Ohio,1611.3115
2017-04-30,Pennsylvania,1845.0333
2017-04-30,Tennessee,175.17399999999998
2017-04-30,Texas,5895.373299999999
2017-04-30,Vermont,958.115
2017-04-30,Virginia,722.4784
2017-04-30,Washington,55.984899999999996
2017-04-30,Wisconsin,1089.3562000000002
2017-03-31,Arizona,443.0685
2017-03-31,California,14623.9709
2017-03-31,Colorado,317.08119999999997
2017-03-31,Connecticut,111.86
2017-03-31,Delaware,749.5059000000001
2017-03-31,Florida,1391.463
2017-03-31,Georgia,458.4342
2017-03-31,Idaho,20.4984
2017-03-31,Illinois,1171.567
2017-03-31,Indiana,173.43119999999996
2017-03-31,Louisiana,6.739200000000001
2017-03-31,Maryland,1433.1615000000002
2017-03-31,Massachusetts,341.02459999999996
2017-03-31,Michigan,168.9574
2017-03-31,Minnesota,35.462399999999995
2017-03-31,Mississippi,245.74960000000002
2017-03-31,Missouri,550.7564
2017-03-31,Nevada,39.248599999999996
2017-03-31,New Hampshire,102.38719999999999
2017-03-31,New Jersey,275.3782
2017-03-31,New York,4854.1907
2017-03-31,North Carolina,199.69389999999999
2017-03-31,Ohio,678.0302999999999
2017-03-31,Oklahoma,1042.8345
2017-03-31,Oregon,532.8249000000001
2017-03-31,Pennsylvania,4359.285499999999
2017-03-31,Tennessee,1121.2529999999997
2017-03-31,Texas,8965.864000000001
2017-03-31,Virginia,251.2388
2017-03-31,Washington,372.12
2017-03-31,Wisconsin,40.7976
2017-02-28,Arizona,10.4168
2017-02-28,California,2872.5644999999995
2017-02-28,Florida,468.1286
2017-02-28,Georgia,3271.7727
2017-02-28,Illinois,2960.4042
2017-02-28,Kentucky,927.4172
2017-02-28,Maryland,679.0083
2017-02-28,Mississippi,195.4932
2017-02-28,New Jersey,203.1664
2017-02-28,New York,1378.3908000000001
2017-02-28,North Carolina,1001.0787000000001
2017-02-28,Ohio,48.928799999999995
2017-02-28,Oklahoma,69.23070000000001
2017-02-28,Pennsylvania,35.985
2017-02-28,Tennessee,161.33339999999998
2017-02-28,Texas,402.866
2017-02-28,Virginia,6104.755
2017-02-28,Washington,535.8108
2017-02-28,Wisconsin,353.0304
2017-01-31,California,4868.626700000001
2017-01-31,Connecticut,197.37959999999998
2017-01-31,Florida,209.4472
2017-01-31,Georgia,284.4
2017-01-31,Illinois,39.105000000000004
2017-01-31,Kentucky,318.0998
2017-01-31,Maryland,300.379
2017-01-31,Massachusetts,11.766
2017-01-31,Michigan,269.2502
2017-01-31,Mississippi,15.68
2017-01-31,Montana,335.489
2017-01-31,New Hampshire,579.8818
2017-01-31,New Jersey,218.1147
2017-01-31,New York,1045.5448999999999
2017-01-31,North Carolina,1963.5044
2017-01-31,Ohio,305.6611
2017-01-31,Oklahoma,1248.9569999999999
2017-01-31,Pennsylvania,188.84599999999998
2017-01-31,Texas,650.6741
2017-01-31,Vermont,1219.8696
2017-01-31,Washington,198.6579
2017-01-31,Wisconsin,1214.9577000000002
2016-12-31,Arizona,1664.8413999999998
2016-12-31,Arkansas,56.946600000000004
2016-12-31,California,10285.3471
2016-12-31,Colorado,2524.9678999999996
2016-12-31,Florida,715.6535
2016-12-31,Georgia,409.9152
2016-12-31,Illinois,3581.5475
2016-12-31,Indiana,567.3392
2016-12-31,Kentucky,373.3846
2016-12-31,Maryland,829.7401000000001
2016-12-31,Massachusetts,29.0488
2016-12-31,Michigan,4159.2168
2016-12-31,Mississippi,44.7248
2016-12-31,Missouri,3014.4204000000004
2016-12-31,Nebraska,67.8724
2016-12-31,Nevada,1229.391
2016-12-31,New Hampshire,3005.8765
2016-12-31,New Mexico,4.8024
2016-12-31,New York,8419.5077
2016-12-31,North Carolina,1190.055
2016-12-31,Ohio,10897.451599999999
2016-12-31,Oregon,283.9716
2016-12-31,Pennsylvania,3833.6851999999994
2016-12-31,Tennessee,3123.7296
2016-12-31,Texas,4123.9845000000005
2016-12-31,Virginia,465.4154000000001
2016-12-31,Washington,5612.2306
2016-12-31,Wisconsin,283.7744
2016-11-30,Arizona,345.617
2016-11-30,Arkansas,256.666
2016-11-30,California,8111.4925
2016-11-30,Colorado,1303.5049
2016-11-30,Delaware,1121.8385
2016-11-30,Florida,4452.799800000001
2016-11-30,Idaho,818.1612
2016-11-30,Illinois,632.5539
2016-11-30,Indiana,945.6118999999999
2016-11-30,Iowa,187.41159999999996
2016-11-30,Kentucky,67.6408
2016-11-30,Massachusetts,1112.2144999999998
2016-11-30,Michigan,652.2665999999999
2016-11-30,Minnesota,1520.7768
2016-11-30,Missouri,841.2990000000002
2016-11-30,Montana,339.69179999999994
2016-11-30,Nevada,166.4112
2016-11-30,New Jersey,1903.5413999999998
2016-11-30,New Mexico,994.6042
2016-11-30,New York,12552.385300000002
2016-11-30,North Carolina,376.63020000000006
2016-11-30,Ohio,971.8099
2016-11-30,Oklahoma,1532.1462000000001
2016-11-30,Oregon,1500.7495999999999
2016-11-30,Pennsylvania,2976.1535999999996
2016-11-30,Tennessee,622.1447999999999
2016-11-30,Texas,4122.852
2016-11-30,Utah,163.6677
2016-11-30,Vermont,3928.173
2016-11-30,Virginia,1364.3916
2016-11-30,Washington,692.3811
2016-11-30,Wisconsin,1694.9238
2016-10-31,Arizona,179.6684
2016-10-31,California,8169.1037
2016-10-31,Colorado,757.2783000000001
2016-10-31,Connecticut,13.719
2016-10-31,Delaware,388.9026
2016-10-31,Florida,3650.1864
2016-10-31,Georgia,349.71659999999997
2016-10-31,Illinois,405.45079999999996
2016-10-31,Indiana,300.03159999999997
2016-10-31,Kentucky,270.4746
2016-10-31,Maryland,13.8726
2016-10-31,Massachusetts,230.50900000000001
2016-10-31,Michigan,1291.3637
2016-10-31,Nevada,55.552
2016-10-31,New Hampshire,17.22
2016-10-31,New Jersey,135.03799999999998
2016-10-31,New York,4281.5848000000005
2016-10-31,North Carolina,12.792
2016-10-31,Ohio,467.7898
2016-10-31,Oregon,1370.2138
2016-10-31,Pennsylvania,85.43520000000001
2016-10-31,Tennessee,27.491800000000005
2016-10-31,Texas,4680.972100000001
2016-10-31,Virginia,1470.6110000000003
2016-10-31,Washington,348.9377
2016-09-30,Alabama,1425.0538
2016-09-30,Arizona,1389.9738
2016-09-30,California,10354.131400000002
2016-09-30,Colorado,20.636000000000003
2016-09-30,Connecticut,535.2525
2016-09-30,Florida,750.8212
2016-09-30,Georgia,859.7440999999999
2016-09-30,Illinois,2309.9921
2016-09-30,Indiana,1501.4108
2016-09-30,Iowa,1035.4229999999998
2016-09-30,Louisiana,425.8752
2016-09-30,Maryland,2006.3792000000003
2016-09-30,Massachusetts,2392.2396000000003
2016-09-30,Michigan,410.11749999999995
2016-09-30,Minnesota,22.7284
2016-09-30,Nevada,29.059800000000003
2016-09-30,New Hampshire,36.36860000000001
2016-09-30,New Jersey,339.599
2016-09-30,New Mexico,6.216
2016-09-30,New York,13060.029099999998
2016-09-30,North Carolina,289.7273
2016-09-30,Ohio,85.0858
2016-09-30,Oklahoma,616.1538
2016-09-30,Oregon,16.5954
2016-09-30,Pennsylvania,7983.9337000000005
2016-09-30,South Carolina,3140.0569
2016-09-30,Tennessee,3471.5721
2016-09-30,Texas,3395.0921000000008
2016-09-30,Utah,1598.4576000000002
2016-09-30,Virginia,208.81099999999998
2016-09-30,Washington,1185.7207999999998
2016-08-31,Arizona,2233.6113
2016-08-31,California,3564.212000000001
2016-08-31,Florida,2.9375999999999998
2016-08-31,Georgia,780.9875000000001
2016-08-31,Idaho,2.1889
2016-08-31,Illinois,64.746
2016-08-31,Indiana,5.7936
2016-08-31,Kentucky,2206.9309999999996
2016-08-31,Maryland,57.4092
2016-08-31,Massachusetts,374.721
2016-08-31,Michigan,544.1157000000001
2016-08-31,Minnesota,157.6662
2016-08-31,Mississippi,134.23199999999997
2016-08-31,Missouri,231.0186
2016-08-31,New York,3257.1613999999995
2016-08-31,North Carolina,90.63210000000001
2016-08-31,Ohio,1106.7451
2016-08-31,Oregon,1162.5354
2016-08-31,Pennsylvania,3066.8822999999998
2016-08-31,Rhode Island,340.6997
2016-08-31,Texas,3560.8458000000005
2016-08-31,Virginia,359.7608
2016-08-31,Washington,520.7388
2016-08-31,Wisconsin,639.2819999999999
2016-07-31,Alabama,368.3662
2016-07-31,Arizona,2499.5856
2016-07-31,California,4149.8063999999995
2016-07-31,Delaware,876.7902
2016-07-31,Florida,243.9546
2016-07-31,Georgia,183.305
2016-07-31,Illinois,4605.6336
2016-07-31,Indiana,958.7787999999999
2016-07-31,Kentucky,568.3663
2016-07-31,Maryland,886.2166
2016-07-31,Massachusetts,309.04999999999995
2016-07-31,Michigan,10.07
2016-07-31,Nebraska,197.08540000000002
2016-07-31,New Jersey,8.2288
2016-07-31,New York,6073.135800000001
2016-07-31,North Carolina,219.9883
2016-07-31,Ohio,869.742
2016-07-31,Pennsylvania,1632.9848000000002
2016-07-31,Tennessee,4.3215
2016-07-31,Texas,702.5150000000001
2016-07-31,Washington,1278.0981
2016-07-31,Wisconsin,813.9704
2016-06-30,Alabama,630.0056999999999
2016-06-30,Arizona,624.2462
2016-06-30,California,1932.0132999999998
2016-06-30,Colorado,110.20100000000001
2016-06-30,Connecticut,82.738
2016-06-30,Delaware,24.817
2016-06-30,Florida,4534.1063
2016-06-30,Georgia,169.7558
2016-06-30,Idaho,394.5689
2016-06-30,Illinois,2106.8463999999994
2016-06-30,Indiana,24.3738
2016-06-30,Louisiana,138.8322
2016-06-30,Maine,73.8142
2016-06-30,Michigan,523.6292000000001
2016-06-30,Minnesota,1797.4880000000003
2016-06-30,Missouri,5.808000000000001
2016-06-30,New Jersey,190.83860000000004
2016-06-30,New York,5121.6535
2016-06-30,Ohio,30.5726
2016-06-30,Pennsylvania,388.72679999999997
2016-06-30,Tennessee,610.9635999999999
2016-06-30,Texas,1529.2242
2016-06-30,Utah,1538.7038
2016-06-30,Virginia,1328.7876
2016-06-30,Washington,715.5669
2016-05-31,Arizona,315.2512
2016-05-31,California,7299.445499999999
2016-05-31,Colorado,1037.5898
2016-05-31,District of Columbia,1695.8765
2016-05-31,Florida,471.856
2016-05-31,Georgia,9.149400000000002
2016-05-31,Illinois,1631.9658000000002
2016-05-31,Indiana,90.6696
2016-05-31,Kansas,80.9876
2016-05-31,Kentucky,49.560300000000005
2016-05-31,Massachusetts,191.9606
2016-05-31,Michigan,2712.2652
2016-05-31,Minnesota,406.932
2016-05-31,New York,2417.8280000000004
2016-05-31,North Carolina,400.7916
2016-05-31,Ohio,1796.1282000000003
2016-05-31,Oregon,4.6576
2016-05-31,Pennsylvania,1645.7578
2016-05-31,Rhode Island,37.5585
2016-05-31,South Carolina,98.9457
2016-05-31,Tennessee,1541.7942000000003
2016-05-31,Texas,3047.7995
2016-05-31,Washington,40.22239999999999
2016-04-30,Arizona,122.0316
2016-04-30,California,6936.2882
2016-04-30,Connecticut,225.78539999999998
2016-04-30,Florida,419.76370000000003
2016-04-30,Georgia,514.6473
2016-04-30,Illinois,2089.7087
2016-04-30,Indiana,136.1971
2016-04-30,Kentucky,664.1972000000001
2016-04-30,Louisiana,64.965
2016-04-30,Michigan,1046.8594
2016-04-30,Nebraska,9.4122
2016-04-30,New Mexico,12.4936
2016-04-30,New York,1056.7033000000001
2016-04-30,North Carolina,31.768199999999997
2016-04-30,Ohio,309.3221
2016-04-30,Oregon,32.5674
2016-04-30,Pennsylvania,1943.2494
2016-04-30,Tennessee,273.5096
2016-04-30,Texas,5520.943299999998
2016-04-30,Virginia,1905.0695999999998
2016-04-30,Washington,403.6632
2016-04-30,Wisconsin,237.70799999999997
2016-03-31,Alabama,268.7589
2016-03-31,California,4344.0341
2016-03-31,Colorado,2.5134
2016-03-31,Delaware,536.1247000000001
2016-03-31,Florida,1683.1767
2016-03-31,Georgia,3252.4105999999997
2016-03-31,Illinois,1163.2441999999999
2016-03-31,Indiana,119.9845
2016-03-31,Maryland,64.6704
2016-03-31,Massachusetts,14.133999999999999
2016-03-31,New Hampshire,365.04900000000004
2016-03-31,New York,2785.5262
2016-03-31,North Carolina,1034.0777
2016-03-31,Oregon,26.7399
2016-03-31,Pennsylvania,763.2017999999999
2016-03-31,Rhode Island,627.0642
2016-03-31,South Carolina,44.7196
2016-03-31,Tennessee,535.6976
2016-03-31,Texas,2681.4318
2016-03-31,Utah,15.0984
2016-03-31,Washington,7216.9737000000005
2016-03-31,Wisconsin,1962.1165
2016-02-29,Arkansas,26.991
2016-02-29,California,2802.7071
2016-02-29,Delaware,1207.8702
2016-02-29,Georgia,39.495599999999996
2016-02-29,Illinois,389.961
2016-02-29,Kansas,13.287899999999999
2016-02-29,Maryland,1270.99
2016-02-29,Michigan,58.7264
2016-02-29,Minnesota,60.35340000000001
2016-02-29,Nebraska,116.3042
2016-02-29,New Hampshire,19.734
2016-02-29,New Jersey,212.2246
2016-02-29,New Mexico,26.033599999999996
2016-02-29,New York,558.0156999999999
2016-02-29,Ohio,655.3623
2016-02-29,Pennsylvania,91.1505
2016-02-29,Texas,940.1005999999999
2016-02-29,Utah,8.0454
2016-02-29,Virginia,331.75949999999995
2016-02-29,Washington,3.7488
2016-02-29,Wisconsin,687.5295
2016-01-31,Alabama,325.9392
2016-01-31,Arizona,1011.9725000000001
2016-01-31,California,5798.3364
2016-01-31,Colorado,23.6446
2016-01-31,Delaware,425.122
2016-01-31,Florida,10.988
2016-01-31,Georgia,5.0082
2016-01-31,Illinois,669.991
2016-01-31,Kentucky,232.9903
2016-01-31,Massachusetts,2059.3798
2016-01-31,Michigan,6.9864
2016-01-31,Minnesota,126.33
2016-01-31,Missouri,49.474599999999995
2016-01-31,Montana,22.8494
2016-01-31,New Mexico,54.970699999999994
2016-01-31,New York,3151.076200000001
2016-01-31,North Carolina,6159.9564
2016-01-31,Ohio,4765.163
2016-01-31,Pennsylvania,1039.1435999999999
2016-01-31,Rhode Island,1774.4946
2016-01-31,Tennessee,126.88380000000001
2016-01-31,Texas,3018.0964000000004
2016-01-31,Virginia,123.0208
2016-01-31,Washington,68.5122
2015-12-31,Alabama,1749.9964
2015-12-31,Arizona,3629.3945
2015-12-31,California,13797.6178
2015-12-31,Colorado,1192.758
2015-12-31,Delaware,9.3312
2015-12-31,Florida,2004.6031999999998
2015-12-31,Georgia,42.030199999999994
2015-12-31,Idaho,396.9354
2015-12-31,Illinois,1867.3184000000006
2015-12-31,Indiana,792.9228
2015-12-31,Kentucky,6.566700000000001
2015-12-31,Maryland,293.98879999999997
2015-12-31,Massachusetts,229.88279999999997
2015-12-31,Michigan,61.668000000000006
2015-12-31,Missouri,13.478400000000002
2015-12-31,Nevada,416.451
2015-12-31,New York,7435.4123
2015-12-31,North Carolina,86.3712
2015-12-31,Ohio,2729.1169
2015-12-31,Oklahoma,345.5712
2015-12-31,Oregon,2119.4750999999997
2015-12-31,Pennsylvania,2447.8686000000002
2015-12-31,South Carolina,431.49980000000005
2015-12-31,Tennessee,706.1811
2015-12-31,Texas,4947.226699999999
2015-12-31,Virginia,2447.5604999999996
2015-12-31,Washington,798.7656000000001
2015-12-31,Wisconsin,2168.0056
2015-11-30,Arizona,673.4932
2015-11-30,California,11901.843100000006
2015-11-30,Colorado,3078.354
2015-11-30,Connecticut,630.7499999999999
2015-11-30,Delaware,3200.5342999999993
2015-11-30,Florida,559.944
2015-11-30,Georgia,590.0587
2015-11-30,Illinois,3036.0597
2015-11-30,Indiana,242.19359999999998
2015-11-30,Kansas,446.16740000000004
2015-11-30,Kentucky,596.4318000000001
2015-11-30,Louisiana,502.64439999999996
2015-11-30,Michigan,1204.7730000000001
2015-11-30,Minnesota,815.3563
2015-11-30,Missouri,68.1919
2015-11-30,Nebraska,71.0763
2015-11-30,New Jersey,56.98280000000001
2015-11-30,New York,15168.417700000005
2015-11-30,North Carolina,2755.2555
2015-11-30,Ohio,6724.510400000001
2015-11-30,Oregon,810.9217000000001
2015-11-30,Pennsylvania,4489.3686
2015-11-30,Rhode Island,1677.2567999999999
2015-11-30,Tennessee,422.39379999999994
2015-11-30,Texas,6687.406899999999
2015-11-30,Utah,98.6378
2015-11-30,Virginia,220.06040000000002
2015-11-30,Washington,2808.4353999999994
2015-11-30,Wisconsin,1229.3283999999999
2015-10-31,Alabama,1772.1098
2015-10-31,Arizona,507.73740000000004
2015-10-31,Arkansas,468.9279
2015-10-31,California,4529.731400000001
2015-10-31,Florida,348.4273
2015-10-31,Illinois,3863.1711
2015-10-31,Indiana,332.25239999999997
2015-10-31,Louisiana,119.5264
2015-10-31,Massachusetts,1606.0926
2015-10-31,Michigan,203.48160000000001
2015-10-31,Nebraska,7.68
2015-10-31,Nevada,4.71
2015-10-31,New Hampshire,265.6244
2015-10-31,New Jersey,278.29
2015-10-31,New Mexico,143.276
2015-10-31,New York,1867.0044999999996
2015-10-31,North Carolina,210.78139999999996
2015-10-31,Ohio,1410.752
2015-10-31,Pennsylvania,3838.1292
2015-10-31,South Carolina,8.058
2015-10-31,Tennessee,657.3639000000001
2015-10-31,Texas,3108.827300000001
2015-10-31,Virginia,1020.3607999999999
2015-10-31,Washington,4601.3862
2015-09-30,Arizona,193.1873
2015-09-30,Arkansas,950.8094
2015-09-30,California,2474.7393000000006
2015-09-30,Colorado,12.2074
2015-09-30,Connecticut,99.75500000000001
2015-09-30,Delaware,152.5377
2015-09-30,Florida,1201.5922999999998
2015-09-30,Georgia,167.2301
2015-09-30,Illinois,3640.8762
2015-09-30,Kansas,607.4241999999999
2015-09-30,Maryland,473.5466
2015-09-30,Massachusetts,1760.8002
2015-09-30,Michigan,51.8
2015-09-30,Minnesota,5231.496500000001
2015-09-30,Nebraska,47.1902
2015-09-30,New Jersey,238.23160000000001
2015-09-30,New Mexico,74.01599999999999
2015-09-30,New York,11437.3549
2015-09-30,North Carolina,5738.2925
2015-09-30,Ohio,1230.0964
2015-09-30,Oklahoma,1213.7063
2015-09-30,Oregon,1611.1319999999998
2015-09-30,Pennsylvania,1762.9541999999997
2015-09-30,Texas,22078.0312
2015-09-30,Virginia,147.9993
2015-09-30,Washington,3693.7609000000007
2015-08-31,Arizona,311.78560000000004
2015-08-31,Arkansas,763.3882000000001
2015-08-31,California,4134.3627000000015
2015-08-31,Colorado,708.7236999999999
2015-08-31,Connecticut,931.1797999999999
2015-08-31,Florida,920.7927999999999
2015-08-31,Georgia,668.6724
2015-08-31,Illinois,427.39160000000004
2015-08-31,Kentucky,18.87
2015-08-31,Maine,360.19339999999994
2015-08-31,Michigan,683.5374
2015-08-31,Missouri,644.1479999999999
2015-08-31,Montana,5.5944
2015-08-31,Nevada,1780.6198
2015-08-31,New Jersey,98.105
2015-08-31,New York,778.8331
2015-08-31,North Carolina,145.2512
2015-08-31,Ohio,340.8718
2015-08-31,Pennsylvania,1084.3462
2015-08-31,South Carolina,40.2624
2015-08-31,Texas,638.6792
2015-08-31,Utah,1626.7093999999997
2015-08-31,Virginia,2178.955
2015-08-31,Washington,4792.434299999999
2015-07-31,Arizona,1710.5937999999999
2015-07-31,California,14929.3395
2015-07-31,Colorado,144.5872
2015-07-31,Connecticut,354.23359999999997
2015-07-31,Delaware,28.425599999999996
2015-07-31,Florida,899.2502000000001
2015-07-31,Illinois,310.69520000000006
2015-07-31,Michigan,3.04
2015-07-31,Mississippi,874.6724
2015-07-31,Montana,3.8862
2015-07-31,Nebraska,25.905599999999996
2015-07-31,New Jersey,1012.4167000000001
2015-07-31,New York,1055.2492
2015-07-31,Ohio,109.5033
2015-07-31,Pennsylvania,1930.2571999999996
2015-07-31,South Dakota,5.521800000000001
2015-07-31,Tennessee,3.9858000000000002
2015-07-31,Texas,10488.360400000001
2015-07-31,Virginia,18.875999999999998
2015-07-31,Washington,129.6936
2015-06-30,Arizona,17.569200000000002
2015-06-30,Arkansas,665.7262
2015-06-30,California,5057.390600000001
2015-06-30,Colorado,201.345
2015-06-30,Connecticut,15.193999999999999
2015-06-30,Delaware,34.9641
2015-06-30,Florida,41.8102
2015-06-30,Georgia,428.5428
2015-06-30,Illinois,1983.5479
2015-06-30,Indiana,615.448
2015-06-30,Michigan,539.1247000000001
2015-06-30,Minnesota,3244.9901
2015-06-30,Mississippi,542.7273
2015-06-30,Nevada,79.288
2015-06-30,New Jersey,1198.2997
2015-06-30,New York,5552.3709
2015-06-30,North Carolina,222.9666
2015-06-30,Ohio,10.3428
2015-06-30,Oklahoma,318.0034
2015-06-30,Oregon,306.3988
2015-06-30,Pennsylvania,1735.3335
2015-06-30,Tennessee,159.705
2015-06-30,Texas,2786.7196000000004
2015-06-30,Utah,91.6944
2015-06-30,Virginia,1530.5102
2015-06-30,Washington,3294.7766
2015-05-31,Alabama,134.349
2015-05-31,California,4459.5797
2015-05-31,Connecticut,17.5744
2015-05-31,Delaware,14.7852
2015-05-31,Florida,1412.5693999999999
2015-05-31,Illinois,1143.7136
2015-05-31,Kentucky,871.4756
2015-05-31,Louisiana,48.2988
2015-05-31,Maryland,444.49
2015-05-31,Massachusetts,2120.1942
2015-05-31,Michigan,56.7468
2015-05-31,Mississippi,31.5414
2015-05-31,New Hampshire,130.2606
2015-05-31,New York,349.5469
2015-05-31,Ohio,1373.3593999999998
2015-05-31,Pennsylvania,2233.9363
2015-05-31,Tennessee,592.555
2015-05-31,Texas,2147.7342999999996
2015-05-31,Utah,70.678
2015-05-31,Virginia,1934.6644999999999
2015-05-31,Washington,173.5535
2015-05-31,Wisconsin,81.0563
2015-04-30,Alabama,905.9632
2015-04-30,Arizona,75.2744
2015-04-30,California,7230.1224
2015-04-30,Florida,610.8277999999999
2015-04-30,Georgia,1060.3415000000002
2015-04-30,Idaho,6.2296
2015-04-30,Illinois,182.04699999999997
2015-04-30,Indiana,16.848
2015-04-30,Iowa,1081.3388
2015-04-30,Kentucky,887.6736000000001
2015-04-30,Louisiana,296.955
2015-04-30,Maryland,4.2282
2015-04-30,Massachusetts,67.464
2015-04-30,Michigan,778.4356
2015-04-30,Minnesota,122.83500000000001
2015-04-30,Montana,285.1582
2015-04-30,New Mexico,279.6978
2015-04-30,New York,492.1913000000001
2015-04-30,North Carolina,293.8829999999999
2015-04-30,Ohio,1354.7229000000002
2015-04-30,Pennsylvania,1402.4896
2015-04-30,South Carolina,528.8777
2015-04-30,Texas,4159.709000000001
2015-04-30,Virginia,4339.5421
2015-04-30,Washington,612.3525000000001
2015-03-31,Arizona,400.8336
2015-03-31,California,5286.7674
2015-03-31,Colorado,726.1298
2015-03-31,Florida,27442.110000000004
2015-03-31,Illinois,1242.6978
2015-03-31,Indiana,9.768
2015-03-31,Kentucky,558.6462
2015-03-31,Michigan,11.637599999999999
2015-03-31,Minnesota,141.7282
2015-03-31,Mississippi,60.68770000000001
2015-03-31,New York,5147.544099999999
2015-03-31,North Carolina,583.0387000000001
2015-03-31,Ohio,608.5076
2015-03-31,Oregon,36.8827
2015-03-31,Pennsylvania,208.34359999999998
2015-03-31,South Carolina,337.155
2015-03-31,Tennessee,292.6564
2015-03-31,Texas,1837.565
2015-03-31,Utah,233.31280000000004
2015-03-31,Virginia,3585.9249
2015-03-31,Washington,1832.9996999999998
2015-02-28,California,964.73
2015-02-28,Florida,197.948
2015-02-28,Illinois,91.68950000000001
2015-02-28,Indiana,53.2896
2015-02-28,Michigan,228.8498
2015-02-28,Missouri,428.4789
2015-02-28,Nevada,9.0272
2015-02-28,New Jersey,65.7552
2015-02-28,New York,57.818299999999994
2015-02-28,Texas,102.3253
2015-02-28,Virginia,1551.6985
2015-02-28,Washington,526.1412
2015-02-28,Wisconsin,262.58399999999995
2015-01-31,Arizona,666.5916
2015-01-31,Arkansas,1422.1525000000001
2015-01-31,California,1464.2856
2015-01-31,Delaware,6.858599999999999
2015-01-31,Florida,21.145200000000003
2015-01-31,Georgia,91.51219999999999
2015-01-31,Illinois,354.0501
2015-01-31,Indiana,5.94
2015-01-31,Kentucky,3031.3986
2015-01-31,Louisiana,960.6928
2015-01-31,Michigan,525.0614
2015-01-31,Nevada,20.8416
2015-01-31,Ohio,30.2744
2015-01-31,Oregon,58.3776
2015-01-31,Pennsylvania,435.79510000000005
2015-01-31,South Carolina,458.5896000000001
2015-01-31,South Dakota,107.8716
2015-01-31,Tennessee,118.7094
2015-01-31,Texas,199.64290000000003
2015-01-31,Virginia,871.2277
