Returned,Order ID,Region
Yes,IN-2012-PB19210127-41259,Eastern Asia
Yes,ID-2013-AB1001527-41439,Eastern Asia
Yes,IN-2014-NM1844527-41800,Eastern Asia
Yes,TU-2013-SF10200134-41417,Western Asia
Yes,IN-2014-EM1382566-41850,Eastern Asia
Yes,IN-2015-DB1306027-42353,Eastern Asia
Yes,IN-2013-EJ13720113-41608,Southeastern Asia
Yes,IN-2013-JR1570058-41441,Southern Asia
Yes,IN-2015-ML1739559-42369,Southeastern Asia
Yes,SA-2015-MC7575110-42326,Western Asia
Yes,ID-2015-MM1726078-42181,Southeastern Asia
Yes,IN-2015-JW1595527-42190,Eastern Asia
Yes,IN-2014-PF1912027-41916,Eastern Asia
Yes,IN-2014-BT1168027-41815,Eastern Asia
Yes,ID-2014-CS11860102-41858,Southeastern Asia
Yes,IN-2014-AB1060058-41858,Southern Asia
Yes,IN-2012-CG1204027-41252,Eastern Asia
Yes,IN-2014-CL1189066-41999,Eastern Asia
Yes,ID-2015-AA1064559-42332,Southeastern Asia
Yes,IN-2015-CD1192059-42326,Southeastern Asia
Yes,IN-2012-ES1408027-40941,Eastern Asia
Yes,IN-2012-GT1471058-41158,Southern Asia
Yes,ID-2013-SC2080059-41380,Southeastern Asia
Yes,IN-2015-SD2048527-42259,Eastern Asia
Yes,IN-2015-PS1904558-42272,Southern Asia
Yes,ID-2015-JG15310130-42133,Southeastern Asia
Yes,IN-2012-TB2152059-41207,Southeastern Asia
Yes,IN-2015-GW1460558-42173,Southern Asia
Yes,IN-2015-GM1445558-42273,Southern Asia
Yes,IN-2012-GG1465027-40992,Eastern Asia
Yes,IN-2014-TB2140066-41873,Eastern Asia
Yes,IN-2015-LT1676511-42286,Southern Asia
Yes,IN-2015-VB217451-42349,Southern Asia
Yes,IN-2015-AT1043559-42243,Southeastern Asia
Yes,IN-2012-SC2069559-41248,Southeastern Asia
Yes,IN-2013-MA1799559-41314,Southeastern Asia
Yes,IS-2014-RA928563-41916,Western Asia
Yes,IN-2012-TB2162588-41177,Southeastern Asia
Yes,IN-2012-MC1784559-41116,Southeastern Asia
Yes,ID-2014-KH16690144-41991,Southeastern Asia
Yes,IN-2013-TH2111558-41488,Southern Asia
Yes,ID-2012-MD1786059-40965,Southeastern Asia
Yes,ID-2015-BG1169588-42012,Southeastern Asia
Yes,IN-2015-DS1303058-42173,Southern Asia
Yes,SA-2013-JD6150110-41600,Western Asia
Yes,IN-2013-CL1270027-41555,Eastern Asia
Yes,IN-2014-DJ1342058-41646,Southern Asia
Yes,IN-2013-JK1609027-41615,Eastern Asia
Yes,AJ-2013-SG108909-41580,Western Asia
Yes,IN-2013-CD1228058-41311,Southern Asia
Yes,IN-2013-CC1261027-41286,Eastern Asia
Yes,IN-2014-DB1321027-41899,Eastern Asia
Yes,IN-2012-AM10705130-41151,Southeastern Asia
Yes,IN-2013-NC1834058-41385,Southern Asia
Yes,IN-2015-JF1549078-42334,Southeastern Asia
Yes,ID-2013-AO1081059-41556,Southeastern Asia
Yes,SA-2014-SJ10125110-41944,Western Asia
Yes,ID-2014-TB2125059-41973,Southeastern Asia
Yes,IN-2013-PR1888027-41430,Eastern Asia
Yes,IN-2014-SH19975130-41975,Southeastern Asia
Yes,IN-2014-NB1865527-41858,Eastern Asia
Yes,IN-2014-SR2074027-41767,Eastern Asia
Yes,IN-2012-TS2150559-40990,Southeastern Asia
Yes,IN-2015-SC2038027-42306,Eastern Asia
Yes,TU-2013-AH195134-41319,Western Asia
Yes,IR-2012-FH436560-41114,Southern Asia
Yes,IR-2014-BN151560-41880,Southern Asia
Yes,SA-2013-SC10260110-41451,Western Asia
Yes,IN-2012-VD2167059-41269,Southeastern Asia
Yes,IN-2012-TR2132527-41188,Eastern Asia
Yes,IN-2014-JC1538558-41815,Southern Asia
Yes,ID-2014-CT11995118-41810,Eastern Asia
Yes,IN-2012-AS1028527-41034,Eastern Asia
Yes,ID-2015-JE1561097-42193,Southern Asia
Yes,IR-2014-SM1095060-41746,Southern Asia
Yes,IN-2013-GM1445527-41622,Eastern Asia
Yes,IN-2014-DB1291027-41870,Eastern Asia
Yes,ID-2015-AS1009058-42316,Southern Asia
Yes,IN-2015-PR1888027-42125,Eastern Asia
Yes,IN-2015-RH1951011-42040,Southern Asia
Yes,IN-2012-JR1567027-41031,Eastern Asia
Yes,IN-2014-CA1226527-41794,Eastern Asia
Yes,ID-2014-KD1649559-41807,Southeastern Asia
Yes,ID-2015-NR18550102-42078,Southeastern Asia
Yes,IN-2012-JH1591027-41262,Eastern Asia
Yes,IN-2014-SH2063527-41858,Eastern Asia
Yes,IN-2015-LD1700558-42285,Southern Asia
Yes,TU-2014-JF5565134-41818,Western Asia
Yes,TU-2015-SW10275134-42311,Western Asia
Yes,IN-2013-TD20995130-41609,Southeastern Asia
Yes,IN-2015-Dl1360058-42364,Southern Asia
Yes,IN-2013-JG1531027-41602,Eastern Asia
Yes,SA-2015-AR570110-42299,Western Asia
Yes,IN-2015-SL2015558-42222,Southern Asia
Yes,IN-2012-CM1223527-41248,Eastern Asia
Yes,IR-2014-MM805560-41990,Southern Asia
Yes,ID-2013-TG21640102-41508,Southeastern Asia
Yes,IN-2012-GM1444058-41200,Southern Asia
Yes,TU-2012-AJ960134-40990,Western Asia
Yes,IN-2014-TB2162558-41724,Southern Asia
Yes,IZ-2015-EM396061-42110,Western Asia
Yes,IN-2015-AW1084058-42083,Southern Asia
Yes,IN-2012-SB2018559-41157,Southeastern Asia
Yes,TU-2015-AG495134-42130,Western Asia
Yes,IN-2012-PR1888058-41013,Southern Asia
Yes,IN-2015-MH1811558-42185,Southern Asia
Yes,IN-2015-JP1546058-42258,Southern Asia
Yes,IR-2015-CA196560-42201,Southern Asia
Yes,IN-2015-PS18760102-42263,Southeastern Asia
Yes,ID-2014-CV1280527-41773,Eastern Asia
Yes,SA-2013-RF9840110-41277,Western Asia
Yes,IN-2015-SC20260130-42032,Southeastern Asia
Yes,IZ-2015-MO795061-42271,Western Asia
Yes,IN-2015-SS2059059-42364,Southeastern Asia
Yes,TU-2014-PK8910134-41798,Western Asia
Yes,IZ-2015-EH412561-42161,Western Asia
Yes,IN-2015-PG1882097-42251,Southern Asia
Yes,TU-2012-CS1845134-41235,Western Asia
Yes,KZ-2015-RM975068-42228,Central Asia
Yes,KG-2015-RH955570-42340,Central Asia
Yes,IN-2015-SS2059059-42236,Southeastern Asia
Yes,IN-2012-LH1715559-40968,Southeastern Asia
Yes,IN-2014-VF2171527-41819,Eastern Asia
Yes,IN-2015-DF1313559-42360,Southeastern Asia
Yes,IN-2013-DR12880144-41384,Southeastern Asia
Yes,IN-2015-NK1849058-42154,Southern Asia
Yes,ID-2014-TB21280130-41884,Southeastern Asia
Yes,GG-2012-BS159047-41184,Western Asia
Yes,IN-2013-MY1738058-41545,Southern Asia
Yes,ID-2013-TC2114527-41594,Eastern Asia
Yes,IN-2012-SC2057559-41146,Southeastern Asia
Yes,IZ-2015-JM525061-42235,Western Asia
Yes,IN-2015-VP2173058-42024,Southern Asia
Yes,IR-2012-JF529560-40988,Southern Asia
Yes,ID-2014-CK1220527-41948,Eastern Asia
Yes,IN-2013-AM1070527-41535,Eastern Asia
Yes,ID-2015-CJ1187597-42147,Southern Asia
Yes,IN-2014-PW1903058-41999,Southern Asia
Yes,IR-2013-PK891060-41342,Southern Asia
Yes,SA-2012-LC6870110-41121,Western Asia
Yes,TU-2015-EN3780134-42164,Western Asia
Yes,IR-2013-CM193560-41296,Southern Asia
Yes,IR-2015-JD615060-42186,Southern Asia
Yes,ID-2014-AG1076527-41872,Eastern Asia
Yes,IN-2013-MS17710113-41495,Southeastern Asia
Yes,ID-2014-KB16600144-41986,Southeastern Asia
Yes,TU-2014-JW5220134-41755,Western Asia
Yes,IN-2015-JD1589558-42288,Southern Asia
Yes,IN-2014-LM1706566-41893,Eastern Asia
Yes,TU-2012-FG4260134-41177,Western Asia
Yes,IR-2014-BD162060-41820,Southern Asia
Yes,ID-2012-TC2129527-41137,Eastern Asia
Yes,TU-2015-EB3840134-42326,Western Asia
Yes,IZ-2013-GZ454561-41314,Western Asia
Yes,IN-2015-BS11590102-42287,Southeastern Asia
Yes,TU-2015-CS1860134-42042,Western Asia
Yes,ID-2014-RB19330102-41767,Southeastern Asia
Yes,TU-2015-SW10350134-42024,Western Asia
Yes,ID-2013-AS1022559-41392,Southeastern Asia
Yes,ID-2013-GZ14545130-41605,Southeastern Asia
Yes,IN-2014-IM1507058-41812,Southern Asia
Yes,IR-2014-DL286560-41950,Southern Asia
Yes,TU-2013-AH585134-41367,Western Asia
Yes,IN-2015-MH1744027-42025,Eastern Asia
Yes,IN-2015-TW2102578-42063,Southeastern Asia
Yes,TU-2014-EG3900134-41794,Western Asia
Yes,SA-2015-BB990110-42291,Western Asia
Yes,ID-2015-NP18685102-42224,Southeastern Asia
Yes,IR-2012-DV304560-40929,Southern Asia
Yes,IS-2013-MY829563-41460,Western Asia
Yes,ID-2014-MP1747059-41709,Southeastern Asia
Yes,SA-2013-GM4680110-41328,Western Asia
Yes,IN-2015-BK1126027-42341,Eastern Asia
Yes,TU-2012-FH4365134-41121,Western Asia
Yes,ID-2013-RW1954097-41476,Southern Asia
Yes,IN-2015-IG1508566-42228,Eastern Asia
Yes,ID-2015-TC2129559-42223,Southeastern Asia
Yes,ID-2012-TH21100118-41125,Eastern Asia
Yes,IZ-2014-CA205561-41816,Western Asia
Yes,ID-2012-JE1574559-41234,Southeastern Asia
Yes,IN-2015-RD1948011-42109,Southern Asia
Yes,TU-2013-DL2925134-41534,Western Asia
Yes,IN-2015-DB13660102-42089,Southeastern Asia
Yes,IN-2015-DK1289559-42281,Southeastern Asia
Yes,IN-2014-BS1159027-42000,Eastern Asia
Yes,IN-2013-KM1666059-41574,Southeastern Asia
Yes,ID-2014-RP1927059-41918,Southeastern Asia
Yes,IN-2012-JM15265144-41031,Southeastern Asia
Yes,TU-2015-CS2355134-42101,Western Asia
Yes,ID-2014-EB1397559-41919,Southeastern Asia
Yes,IN-2014-AC1061558-41808,Southern Asia
Yes,IN-2015-MA17995121-42230,Southern Asia
Yes,IR-2015-BD162060-42252,Southern Asia
Yes,IN-2014-PB19210130-41872,Southeastern Asia
Yes,IN-2015-AA1031558-42361,Southern Asia
Yes,IN-2015-DL1292558-42167,Southern Asia
Yes,IN-2012-GM1444027-41128,Eastern Asia
Yes,IN-2015-DK12985144-42112,Southeastern Asia
Yes,TU-2015-LP7080134-42185,Western Asia
Yes,IR-2012-SS1051560-41125,Southern Asia
Yes,IN-2014-DW1319559-41730,Southeastern Asia
Yes,IN-2015-JK1612058-42126,Southern Asia
Yes,IN-2015-DK1337566-42155,Eastern Asia
Yes,TU-2014-SD10485134-41771,Western Asia
Yes,TU-2015-SC10050134-42216,Western Asia
Yes,KG-2015-FO430570-42318,Central Asia
Yes,IN-2015-RH1949559-42257,Southeastern Asia
Yes,ID-2013-PB18805130-41421,Southeastern Asia
Yes,TU-2015-SV10785134-42340,Western Asia
Yes,ID-2014-RH1949559-41984,Southeastern Asia
Yes,IN-2012-ST2053058-41058,Southern Asia
Yes,AE-2014-MY7380138-42004,Western Asia
Yes,TU-2014-MY8295134-41860,Western Asia
Yes,TU-2014-TC11145134-41656,Western Asia
Yes,IN-2015-DB13405144-42341,Southeastern Asia
Yes,IN-2014-DM1301527-41919,Eastern Asia
Yes,TU-2015-AG675134-42099,Western Asia
Yes,TU-2013-CR2730134-41324,Western Asia
Yes,IN-2015-AH1069027-42181,Eastern Asia
Yes,IN-2015-BE1141027-42249,Eastern Asia
Yes,TU-2015-JD6015134-42327,Western Asia
Yes,IN-2013-AS1028558-41354,Southern Asia
Yes,KZ-2012-PR888068-41144,Central Asia
Yes,TU-2012-PF9165134-41074,Western Asia
Yes,IN-2014-KD16345144-41768,Southeastern Asia
Yes,IN-2015-LA16780102-42095,Southeastern Asia
Yes,IN-2014-SE2011066-41772,Eastern Asia
Yes,TU-2014-SF10965134-41992,Western Asia
Yes,IN-2014-DA1345058-41769,Southern Asia
