Returned,Order ID,Region
Yes,ES-2015-RA1994545-42218,Western Europe
Yes,ES-2014-JF15295120-41924,Southern Europe
Yes,ES-2012-SC208458-41070,Western Europe
Yes,ES-2015-CC1210045-42182,Western Europe
Yes,ES-2015-MM1792045-42199,Western Europe
Yes,ES-2015-BB1154548-42336,Western Europe
Yes,AL-2012-SC102302-40970,Southern Europe
Yes,UP-2014-MC7275137-41997,Eastern Europe
Yes,ES-2015-RD19585120-42007,Southern Europe
Yes,ES-2014-EG1390045-41644,Western Europe
Yes,ES-2013-DB1297045-41458,Western Europe
Yes,ES-2014-EB13930139-41962,Northern Europe
Yes,IT-2015-DM1301564-42167,Southern Europe
Yes,IT-2012-MP1817545-41040,Western Europe
Yes,ES-2015-BT1139564-42088,Southern Europe
Yes,IT-2015-AR1082545-42290,Western Europe
Yes,ES-2015-BN1151545-42304,Western Europe
Yes,ES-2014-JK1609064-41800,Southern Europe
Yes,SI-2015-SM10005115-42252,Southern Europe
Yes,ES-2012-AG1049545-41002,Western Europe
Yes,ES-2015-LR1691545-42237,Western Europe
Yes,ES-2012-TT2146045-41014,Western Europe
Yes,ES-2014-MG17680120-41867,Southern Europe
Yes,ES-2015-RA1994548-42249,Western Europe
Yes,IT-2015-KD1634545-42238,Western Europe
Yes,ES-2012-MR1754564-41157,Southern Europe
Yes,ES-2014-RM1937545-41643,Western Europe
Yes,ES-2013-BF1117048-41527,Western Europe
Yes,ES-2013-AJ1094548-41444,Western Europe
Yes,ES-2015-BM1165045-42176,Western Europe
Yes,IT-2013-BF1102045-41418,Western Europe
Yes,IT-2014-JG15115104-41952,Southern Europe
Yes,ES-2012-ER13855120-41159,Southern Europe
Yes,ES-2012-TB2162545-41262,Western Europe
Yes,ES-2013-CM124458-41375,Western Europe
Yes,RS-2015-GG4650108-42102,Eastern Europe
Yes,ES-2015-KA1652545-42353,Western Europe
Yes,ES-2012-DJ1351048-40923,Western Europe
Yes,ES-2015-AT1073545-42367,Western Europe
Yes,ES-2014-PO1885048-41898,Western Europe
Yes,ES-2012-GH14485139-41054,Northern Europe
Yes,ES-2014-LL1684048-41986,Western Europe
Yes,ES-2012-TB2140048-40968,Western Europe
Yes,RS-2015-TB11520108-42126,Eastern Europe
Yes,ES-2015-HG14965120-42080,Southern Europe
Yes,ES-2015-EB1417064-42012,Southern Europe
Yes,ES-2013-DE1325545-41278,Western Europe
Yes,ES-2015-DK1309045-42158,Western Europe
Yes,ES-2015-EB141108-42267,Western Europe
Yes,ES-2015-AR1051045-42234,Western Europe
Yes,ES-2015-AH1012045-42057,Western Europe
Yes,IT-2013-ZD2192548-41503,Western Europe
Yes,ES-2014-LC1705048-41718,Western Europe
Yes,ES-2013-TP2156545-41598,Western Europe
Yes,ES-2014-JP1552045-41871,Western Europe
Yes,ES-2014-EP1391548-42004,Western Europe
Yes,ES-2014-JP16135139-41899,Northern Europe
Yes,ES-2013-MN1793548-41466,Western Europe
Yes,IT-2015-ME18010124-42235,Northern Europe
Yes,HU-2015-JP552057-42249,Eastern Europe
Yes,ES-2014-MW1822048-41998,Western Europe
Yes,ES-2014-LP17095139-41772,Northern Europe
Yes,ES-2014-AB10165139-41888,Northern Europe
Yes,IT-2012-GD1459091-40988,Western Europe
Yes,PL-2012-JD5790103-41249,Eastern Europe
Yes,ES-2014-HG1502548-41783,Western Europe
Yes,RO-2014-ND8370107-41839,Eastern Europe
Yes,ES-2013-HM1498064-41289,Southern Europe
Yes,IT-2013-KH1669045-41490,Western Europe
Yes,IT-2012-JC1610564-41053,Southern Europe
Yes,ES-2012-SH2039545-40914,Western Europe
Yes,ES-2015-MY17380120-42316,Southern Europe
Yes,BU-2014-CS186019-41993,Eastern Europe
Yes,ES-2014-CY1274564-41726,Southern Europe
Yes,ES-2014-JB1600048-41856,Western Europe
Yes,ES-2015-JC1577548-42328,Western Europe
Yes,IT-2014-LP1708091-41907,Western Europe
Yes,ES-2015-SV20935139-42369,Northern Europe
Yes,ES-2012-MG17890139-41257,Northern Europe
Yes,ES-2015-KW1643545-42032,Western Europe
Yes,ES-2013-AW1084064-41519,Southern Europe
Yes,ES-2015-BP11185139-42175,Northern Europe
Yes,ES-2014-RS1942048-41831,Western Europe
Yes,ES-2014-DV1346564-41961,Southern Europe
Yes,BU-2012-EH394519-41265,Eastern Europe
Yes,IT-2015-KB1631564-42301,Southern Europe
Yes,IT-2015-EK13795139-42277,Northern Europe
Yes,ES-2015-AB1016545-42356,Western Europe
Yes,ES-2015-CW11905139-42288,Northern Europe
Yes,ES-2014-DB1327045-41689,Western Europe
Yes,ES-2012-PM1894045-41145,Western Europe
Yes,ES-2012-CD1198048-41151,Western Europe
Yes,ES-2015-SF20200139-42229,Northern Europe
Yes,ES-2015-BE11410120-42225,Southern Europe
Yes,ES-2015-BF11170139-42174,Northern Europe
Yes,ES-2012-JA15970139-41080,Northern Europe
Yes,ES-2013-JE1547545-41450,Western Europe
Yes,IT-2014-LS1720064-41954,Southern Europe
Yes,UP-2014-AA645137-41807,Eastern Europe
Yes,ES-2014-DK1298548-41711,Western Europe
Yes,BU-2014-MH745519-41670,Eastern Europe
Yes,IT-2015-AG1049545-42229,Western Europe
Yes,LO-2012-JL5850114-41121,Eastern Europe
Yes,BO-2014-KH636013-41859,Eastern Europe
Yes,IT-2015-MB1808591-42145,Western Europe
Yes,ES-2014-SS208758-41683,Western Europe
Yes,ES-2015-KB1660096-42048,Northern Europe
Yes,ES-2014-MB18085139-41956,Northern Europe
Yes,IT-2015-AR10345139-42116,Northern Europe
Yes,ES-2014-MC1810045-41982,Western Europe
Yes,ES-2014-JD1606045-41699,Western Europe
Yes,ES-2014-MG18205139-41867,Northern Europe
Yes,IT-2012-KH16690104-41037,Southern Europe
Yes,ES-2015-MJ17740139-42073,Northern Europe
Yes,IT-2014-TP2141545-41858,Western Europe
Yes,ES-2015-PS1897045-42179,Western Europe
Yes,ES-2013-WB2185064-41587,Southern Europe
Yes,ES-2015-CS1235548-42010,Western Europe
Yes,ES-2014-KT1646548-41678,Western Europe
Yes,ES-2014-MC1760548-41900,Western Europe
Yes,ES-2013-MB1808545-41629,Western Europe
Yes,ES-2013-EB14110139-41528,Northern Europe
Yes,ES-2013-LC1714064-41409,Southern Europe
Yes,ES-2015-LO17170139-42166,Northern Europe
Yes,IT-2015-JW1522091-42234,Western Europe
Yes,ES-2014-DM13015120-41856,Southern Europe
Yes,IT-2013-DJ1351064-41352,Southern Europe
Yes,ES-2012-SW2024548-41073,Western Europe
Yes,IT-2012-MC1742548-41177,Western Europe
Yes,ES-2015-TP21415139-42251,Northern Europe
Yes,ES-2014-SV2093545-41674,Western Europe
Yes,IT-2015-JS1603045-42229,Western Europe
Yes,IT-2014-CA12310139-41961,Northern Europe
Yes,ES-2015-SL2015545-42335,Western Europe
Yes,IT-2014-DB1312091-41894,Western Europe
Yes,IT-2015-DB13555139-42063,Northern Europe
Yes,ES-2012-JC1577548-41195,Western Europe
Yes,ES-2012-KB162408-41191,Western Europe
Yes,ES-2014-BP11230139-41970,Northern Europe
Yes,ES-2015-DK13375139-42082,Northern Europe
Yes,ES-2015-JW152208-42033,Western Europe
Yes,ES-2014-AH10585139-41920,Northern Europe
Yes,ES-2012-AB1016545-40957,Western Europe
Yes,ES-2014-AG1039045-41685,Western Europe
Yes,IT-2014-BS1166562-41864,Northern Europe
Yes,IT-2013-CA1205591-41545,Western Europe
Yes,ES-2015-NH1861048-42299,Western Europe
Yes,PL-2013-JF5190103-41443,Eastern Europe
Yes,ES-2015-PC1900045-42227,Western Europe
Yes,IT-2015-JK1609048-42097,Western Europe
Yes,ES-2013-CS1225048-41579,Western Europe
Yes,ES-2015-AM10705120-42213,Southern Europe
Yes,ES-2012-DM1295548-41100,Western Europe
Yes,IT-2013-GT14710125-41392,Western Europe
Yes,ES-2013-HG14965120-41571,Southern Europe
Yes,ES-2012-SV20365120-41132,Southern Europe
Yes,ES-2013-GT1475545-41597,Western Europe
Yes,ES-2013-PB18805120-41591,Southern Europe
Yes,ES-2012-JH16180139-41090,Northern Europe
Yes,ES-2014-TS2116045-41817,Western Europe
Yes,IT-2014-VP2173048-41990,Western Europe
Yes,ES-2012-BM1178545-41144,Western Europe
Yes,PL-2012-LL6840103-41137,Eastern Europe
Yes,IT-2012-RS1987091-41200,Western Europe
Yes,ES-2014-AS1009045-41885,Western Europe
Yes,IT-2013-VW2177545-41580,Western Europe
Yes,ES-2012-AI1085548-41187,Western Europe
Yes,ES-2015-ES1402045-42032,Western Europe
Yes,ES-2012-KN16705120-41257,Southern Europe
Yes,ES-2012-JK1564048-41191,Western Europe
Yes,ES-2013-BE1133564-41387,Southern Europe
Yes,IT-2015-Dl1360048-42209,Western Europe
Yes,IT-2013-DK1298564-41618,Southern Europe
Yes,ES-2014-SC2002045-41790,Western Europe
Yes,EZ-2012-PS904532-41150,Eastern Europe
Yes,ES-2015-PO18850139-42264,Northern Europe
Yes,IT-2015-RB19570120-42181,Southern Europe
Yes,RS-2015-BP1230108-42132,Eastern Europe
Yes,UP-2014-LL6840137-41670,Eastern Europe
Yes,ES-2015-LT1711045-42025,Western Europe
Yes,IT-2014-AT1043591-41795,Western Europe
Yes,IT-2012-RD19930120-41222,Southern Europe
Yes,ES-2015-CM1223545-42327,Western Europe
Yes,UP-2015-RK9300137-42341,Eastern Europe
Yes,ES-2012-MP1817564-41187,Southern Europe
Yes,ES-2013-GT14710139-41614,Northern Europe
Yes,PL-2014-BM1650103-41888,Eastern Europe
Yes,IT-2012-BD1172591-40992,Western Europe
Yes,ES-2012-AR104058-41127,Western Europe
Yes,PL-2015-ML8265103-42252,Eastern Europe
Yes,ES-2014-BD1132048-41992,Western Europe
Yes,ES-2013-EH14125120-41573,Southern Europe
Yes,ES-2015-BM1157545-42276,Western Europe
Yes,ES-2015-CB1202545-42041,Western Europe
Yes,IT-2014-AP1091564-41896,Southern Europe
Yes,ES-2012-AG1049564-41254,Southern Europe
Yes,ES-2015-LD1685548-42185,Western Europe
Yes,EN-2015-MC760542-42174,Northern Europe
Yes,ES-2014-EJ1415545-41901,Western Europe
Yes,ES-2014-EB1397564-41814,Southern Europe
Yes,ES-2014-CP12340120-41738,Southern Europe
Yes,SI-2014-TC10980115-41955,Southern Europe
Yes,ES-2012-VG2180548-41175,Western Europe
Yes,IT-2015-FO1430564-42342,Southern Europe
Yes,BO-2015-MS798013-42091,Eastern Europe
Yes,ES-2012-AJ1094545-41239,Western Europe
Yes,ES-2015-JK1564064-42297,Southern Europe
Yes,ES-2013-SC20305139-41480,Northern Europe
Yes,ES-2015-JC16105139-42173,Northern Europe
Yes,ES-2015-CL1189064-42356,Southern Europe
Yes,IT-2014-EK1379591-41771,Western Europe
Yes,ES-2013-CS1246064-41368,Southern Europe
Yes,ES-2015-NM18445139-42218,Northern Europe
Yes,ES-2012-AB1060064-40927,Southern Europe
Yes,UP-2014-CR2580137-41922,Eastern Europe
Yes,ES-2014-SJ2021548-41998,Western Europe
Yes,IT-2012-NF18385139-41237,Northern Europe
Yes,ES-2013-TB2162548-41374,Western Europe
Yes,ES-2014-RB1964545-41859,Western Europe
Yes,ES-2015-CJ1201064-42323,Southern Europe
Yes,ES-2015-MJ1774045-42168,Western Europe
Yes,ES-2015-HJ14875139-42013,Northern Europe
Yes,IT-2013-BW11065139-41370,Northern Europe
Yes,ES-2015-GG1465048-42245,Western Europe
Yes,ES-2013-EC1405048-41520,Western Europe
Yes,AL-2012-EM38252-41213,Southern Europe
Yes,ES-2012-MZ1751545-41262,Western Europe
Yes,ES-2015-AM10705120-42017,Southern Europe
Yes,ES-2015-AS1004564-42028,Southern Europe
Yes,ES-2012-TB21190139-40992,Northern Europe
Yes,IT-2015-DK12895124-42312,Northern Europe
Yes,UP-2013-DL2925137-41299,Eastern Europe
Yes,ES-2015-LS1723045-42159,Western Europe
Yes,IT-2013-CA12310139-41538,Northern Europe
Yes,ES-2013-ME1772545-41370,Western Europe
Yes,IT-2014-DO1364591-41870,Western Europe
Yes,ES-2013-BF1100591-41501,Western Europe
Yes,RO-2015-SA10830107-42012,Eastern Europe
Yes,ES-2012-AA1064564-41268,Southern Europe
Yes,ES-2015-WB21850139-42248,Northern Europe
Yes,ES-2012-MO17950120-41137,Southern Europe
Yes,ES-2013-PB1915034-41373,Northern Europe
Yes,ES-2015-AS1024064-42297,Southern Europe
