Returned,Order ID,Region
Yes,CA-2012-SA20830140-41210,Central US
Yes,CA-2012-SC20095140-41174,Central US
Yes,CA-2014-TB21280140-41724,Central US
Yes,CA-2014-TC21295140-41800,Southern US
Yes,CA-2015-RB19705140-42262,Eastern US
Yes,CA-2012-AJ10780140-41212,Eastern US
Yes,CA-2014-EM14140140-41822,Western US
Yes,US-2014-SC20230140-41873,Western US
Yes,CA-2014-CL12565140-41768,Eastern US
Yes,CA-2013-SG20080140-41578,Western US
Yes,CA-2012-PC18745140-41273,Eastern US
Yes,US-2015-DH13075140-42092,Western US
Yes,CA-2015-KL16555140-42313,Southern US
Yes,CA-2012-DP13165140-41244,Eastern US
Yes,CA-2014-EH13765140-41997,Western US
Yes,CA-2013-JK15205140-41544,Southern US
Yes,CA-2015-MG18145140-42285,Western US
Yes,CA-2013-EM13960140-41548,Western US
Yes,US-2012-LT17110140-41060,Southern US
Yes,US-2015-GZ14545140-42212,Western US
Yes,US-2012-CV12295140-40995,Central US
Yes,US-2012-BF11170140-41266,Western US
Yes,CA-2014-HF14995140-41761,Southern US
Yes,CA-2014-CL12565140-41788,Western US
Yes,CA-2012-LR16915140-41128,Western US
Yes,CA-2015-KH16510140-42347,Western US
Yes,CA-2014-ON18715140-41959,Southern US
Yes,CA-2015-EB13750140-42111,Southern US
Yes,CA-2014-NS18640140-41985,Eastern US
Yes,CA-2014-ES14020140-41802,Eastern US
Yes,CA-2012-BP11095140-41261,Western US
Yes,CA-2015-AG10900140-42126,Southern US
Yes,CA-2013-IM15070140-41459,Central US
Yes,CA-2014-CP12340140-41808,Eastern US
Yes,CA-2015-DO13645140-42263,Western US
Yes,CA-2012-FP14320140-41251,Eastern US
Yes,CA-2013-VD21670140-41583,Southern US
Yes,CA-2014-BM11785140-41835,Central US
Yes,CA-2013-EB14110140-41377,Western US
Yes,CA-2014-NS18505140-41968,Central US
Yes,CA-2015-VW21775140-42326,Eastern US
Yes,CA-2014-SN20560140-41817,Central US
Yes,CA-2015-AD10180140-42340,Eastern US
Yes,CA-2012-MC17425140-41058,Central US
Yes,CA-2012-KH16630140-41213,Southern US
Yes,CA-2012-BS11755140-41046,Eastern US
Yes,CA-2014-JM15535140-41998,Eastern US
Yes,CA-2012-NC18535140-41112,Western US
Yes,US-2012-RB19435140-41237,Western US
Yes,CA-2014-GK14620140-41753,Western US
Yes,US-2014-SP20860140-41968,Western US
Yes,US-2014-BG11695140-42001,Central US
Yes,US-2014-DR12880140-41723,Western US
Yes,CA-2012-AG10525140-41153,Central US
Yes,CA-2015-AJ10945140-42248,Central US
Yes,CA-2015-MV17485140-42333,Western US
Yes,CA-2015-LE16810140-42348,Western US
Yes,US-2014-GT14710140-41980,Western US
Yes,CA-2014-BD11605140-41742,Southern US
Yes,CA-2015-LC16870140-42091,Southern US
Yes,CA-2012-RD19585140-41000,Southern US
Yes,CA-2015-CW11905140-42138,Eastern US
Yes,CA-2014-TS21655140-41999,Southern US
Yes,CA-2012-SH20395140-41214,Western US
Yes,CA-2013-MS17530140-41579,Southern US
Yes,CA-2015-BH11710140-42346,Southern US
Yes,CA-2013-PO19195140-41598,Eastern US
Yes,CA-2013-SS20515140-41479,Southern US
Yes,CA-2012-TT21070140-41159,Southern US
Yes,CA-2015-TS21505140-42316,Western US
Yes,CA-2015-DV13045140-42350,Southern US
Yes,US-2015-EB13930140-42208,Central US
Yes,CA-2015-LW17215140-42106,Western US
Yes,CA-2012-AZ10750140-40992,Eastern US
Yes,CA-2013-AG10495140-41571,Central US
Yes,CA-2012-EH13765140-41199,Eastern US
Yes,CA-2014-JF15565140-41686,Eastern US
Yes,CA-2015-HG15025140-42363,Eastern US
Yes,CA-2015-KH16330140-42329,Eastern US
Yes,CA-2015-DO13645140-42343,Eastern US
Yes,US-2015-LH16900140-42348,Central US
Yes,CA-2015-JE15745140-42111,Western US
Yes,CA-2013-MV17485140-41450,Central US
Yes,CA-2015-OT18730140-42304,Southern US
Yes,CA-2014-PF19225140-41817,Southern US
Yes,CA-2014-CA12265140-41677,Southern US
Yes,CA-2015-NC18535140-42096,Western US
Yes,CA-2015-CC12475140-42278,Eastern US
Yes,US-2012-JF15490140-41269,Western US
Yes,CA-2015-BP11095140-42352,Eastern US
Yes,US-2015-CR12820140-42284,Eastern US
Yes,CA-2015-BT11530140-42278,Western US
Yes,US-2013-DG13300140-41458,Eastern US
Yes,CA-2014-IG15085140-41808,Western US
Yes,CA-2013-RH19510140-41544,Western US
Yes,US-2013-KB16315140-41318,Eastern US
Yes,CA-2015-CV12805140-42025,Eastern US
Yes,CA-2015-SC20725140-42182,Eastern US
Yes,CA-2015-RA19915140-42357,Western US
Yes,CA-2015-LW16990140-42336,Western US
Yes,US-2015-TT21220140-42186,Western US
Yes,CA-2012-DB13360140-41231,Western US
Yes,CA-2013-NW18400140-41599,Western US
Yes,CA-2015-EH14125140-42035,Western US
Yes,CA-2013-GB14530140-41583,Southern US
Yes,CA-2015-TD20995140-42118,Eastern US
Yes,CA-2015-EP13915140-42316,Eastern US
Yes,CA-2015-SG20605140-42120,Western US
Yes,CA-2015-LT17110140-42335,Eastern US
Yes,CA-2013-AH10690140-41639,Central US
Yes,CA-2013-ES14020140-41384,Central US
Yes,CA-2013-SJ20215140-41461,Western US
Yes,CA-2014-BC11125140-41846,Western US
Yes,CA-2012-KN16390140-41244,Eastern US
Yes,CA-2015-GM14455140-42353,Central US
Yes,US-2014-KD16495140-41976,Western US
Yes,CA-2014-ES14080140-41737,Eastern US
Yes,US-2014-PK19075140-41907,Eastern US
Yes,CA-2013-LS17245140-41629,Southern US
Yes,CA-2012-RP19270140-41200,Western US
Yes,CA-2013-BM11575140-41532,Eastern US
Yes,CA-2015-JC16105140-42301,Eastern US
Yes,CA-2013-SM20950140-41627,Central US
Yes,CA-2014-NZ18565140-41964,Eastern US
Yes,CA-2013-MS17365140-41632,Western US
Yes,CA-2012-ML17395140-41194,Eastern US
Yes,CA-2012-RB19435140-41236,Central US
Yes,CA-2012-LE16810140-41258,Southern US
Yes,CA-2015-DM13345140-42347,Western US
Yes,CA-2014-BC11125140-41864,Eastern US
Yes,CA-2014-RD19810140-41798,Eastern US
Yes,US-2014-VM21835140-41772,Western US
Yes,CA-2013-JD15895140-41620,Western US
Yes,CA-2014-BD11620140-41707,Eastern US
Yes,CA-2014-JH15985140-41888,Western US
Yes,CA-2015-SR20425140-42361,Southern US
Yes,CA-2013-JK16120140-41551,Eastern US
Yes,CA-2014-ON18715140-41710,Central US
Yes,US-2014-RB19570140-41886,Central US
Yes,CA-2015-JF15415140-42367,Eastern US
Yes,CA-2015-MA17560140-42298,Eastern US
Yes,CA-2012-RH19495140-41143,Eastern US
Yes,CA-2013-JC16105140-41520,Southern US
Yes,US-2013-RR19525140-41613,Southern US
Yes,CA-2015-SC20380140-42039,Southern US
Yes,CA-2015-DK13090140-42279,Central US
Yes,CA-2012-HP14815140-41236,Southern US
Yes,CA-2015-JH15430140-42329,Southern US
Yes,CA-2015-NG18355140-42235,Eastern US
Yes,US-2015-PN18775140-42339,Southern US
Yes,CA-2015-PN18775140-42120,Southern US
Yes,CA-2015-AG10675140-42272,Southern US
Yes,CA-2015-RB19795140-42138,Western US
Yes,CA-2015-PK19075140-42316,Eastern US
Yes,CA-2014-BM11575140-41964,Western US
Yes,CA-2012-ZC21910140-41271,Central US
Yes,US-2015-RL19615140-42147,Western US
Yes,CA-2014-EH13945140-41655,Western US
Yes,CA-2013-TC21535140-41536,Southern US
Yes,CA-2013-BP11095140-41481,Western US
Yes,CA-2014-WB21850140-41654,Eastern US
Yes,CA-2015-HM14980140-42122,Western US
Yes,CA-2012-EJ13720140-41258,Central US
Yes,CA-2015-SC20305140-42245,Central US
Yes,CA-2014-JG15160140-41910,Southern US
Yes,CA-2012-RB19645140-41143,Western US
Yes,CA-2012-IM15055140-40932,Western US
Yes,US-2013-ON18715140-41411,Central US
Yes,CA-2014-AM10360140-41837,Central US
Yes,CA-2013-FC14335140-41409,Eastern US
Yes,CA-2014-BD11620140-41999,Eastern US
Yes,CA-2014-RD19900140-41960,Western US
Yes,CA-2013-TC21475140-41391,Western US
Yes,CA-2014-TS21160140-41702,Western US
Yes,CA-2013-GB14530140-41528,Western US
Yes,CA-2014-AS10045140-41727,Southern US
Yes,CA-2014-TB21280140-41786,Eastern US
Yes,US-2014-FO14305140-41944,Southern US
Yes,CA-2015-EB13705140-42321,Eastern US
Yes,CA-2012-JG15115140-41189,Southern US
Yes,CA-2014-CK12595140-41711,Eastern US
Yes,CA-2014-ND18370140-41963,Eastern US
Yes,CA-2012-CM11815140-41226,Central US
Yes,CA-2012-CM11815140-41273,Central US
Yes,CA-2014-BT11680140-41751,Eastern US
Yes,CA-2014-DP13390140-41784,Eastern US
Yes,CA-2012-PB19150140-41254,Southern US
Yes,CA-2014-TT21265140-41915,Eastern US
Yes,US-2015-ME17320140-42322,Central US
Yes,US-2015-GZ14470140-42362,Western US
Yes,US-2012-SC20260140-41165,Central US
Yes,CA-2012-CM12715140-41177,Eastern US
Yes,CA-2015-HM14860140-42221,Western US
Yes,CA-2013-KC16255140-41473,Eastern US
Yes,CA-2013-EH13945140-41465,Western US
Yes,CA-2015-LW17215140-42348,Central US
Yes,CA-2014-LS16945140-41912,Eastern US
Yes,CA-2012-KC16675140-41255,Southern US
Yes,CA-2015-JB16045140-42362,Eastern US
Yes,CA-2015-EH13765140-42027,Central US
Yes,CA-2014-CY12745140-41867,Western US
Yes,CA-2013-DP13165140-41557,Central US
Yes,CA-2015-SP20860140-42276,Southern US
Yes,CA-2013-BN11470140-41380,Eastern US
Yes,US-2015-JE15610140-42321,Western US
Yes,CA-2012-LT16765140-41152,Western US
Yes,CA-2012-PJ19015140-41005,Southern US
Yes,CA-2014-LF17185140-41933,Eastern US
Yes,CA-2015-SJ20125140-42105,Eastern US
Yes,US-2013-DR12940140-41635,Central US
Yes,CA-2013-MS17830140-41478,Eastern US
Yes,US-2015-SC20050140-42278,Central US
Yes,CA-2014-DL13330140-41941,Eastern US
Yes,CA-2014-MG17890140-41703,Western US
Yes,US-2012-KT16465140-41168,Southern US
Yes,CA-2013-PS19045140-41438,Eastern US
Yes,CA-2015-ML17410140-42025,Central US
Yes,CA-2014-AB10255140-41936,Western US
Yes,CA-2015-BD11725140-42276,Western US
Yes,CA-2015-SC20575140-42236,Central US
Yes,CA-2015-GK14620140-42257,Central US
Yes,CA-2013-AI10855140-41628,Western US
Yes,US-2012-TH21235140-41216,Western US
Yes,CA-2015-AA10645140-42314,Western US
Yes,US-2014-LB16795140-41957,Central US
Yes,US-2013-HG14845140-41530,Eastern US
Yes,CA-2015-EB13870140-42269,Eastern US
