Returned,Order ID,Region
Yes,MX-2013-DO1364512-41461,Caribbean
Yes,MX-2015-EH1418531-42166,Caribbean
Yes,MX-2014-AJ1096031-41801,Caribbean
Yes,MX-2014-JR1570036-41775,Caribbean
Yes,US-2015-SJ2021554-42255,Caribbean
Yes,US-2013-MW1822036-41387,Caribbean
Yes,US-2013-BB1099036-41379,Caribbean
Yes,MX-2015-HG1484536-42070,Caribbean
Yes,MX-2014-SZ2003531-41822,Caribbean
Yes,MX-2013-JD1589536-41523,Caribbean
Yes,MX-2012-PM1894031-41208,Caribbean
Yes,MX-2014-DW1358531-41779,Caribbean
Yes,MX-2013-SW2027536-41587,Caribbean
Yes,US-2012-CS1246036-41247,Caribbean
Yes,MX-2014-BE1145531-41650,Caribbean
Yes,MX-2015-EL1373536-42278,Caribbean
Yes,US-2014-MH1811554-41900,Caribbean
Yes,US-2012-DK1283536-40939,Caribbean
Yes,MX-2013-BS1136536-41595,Caribbean
Yes,MX-2013-AP1091536-41528,Caribbean
Yes,MX-2012-MM1805531-40978,Caribbean
Yes,US-2012-CW1190536-41241,Caribbean
Yes,US-2012-TS2108536-41070,Caribbean
Yes,MX-2012-AW1093031-40912,Caribbean
Yes,MX-2015-SZ2003536-42216,Caribbean
Yes,MX-2014-CG1204031-41977,Caribbean
Yes,US-2013-MA1799536-41346,Caribbean
Yes,MX-2015-CD1279080-42293,Caribbean
Yes,US-2012-AH1046536-41234,Caribbean
Yes,US-2012-DB1327036-41021,Caribbean
Yes,US-2012-GR1456054-41082,Caribbean
