Returned,Order ID,Region
Yes,IN-2015-JH158207-42140,Oceania
Yes,IN-2014-LC168857-41747,Oceania
Yes,IN-2015-GB145307-42260,Oceania
Yes,ID-2015-RD1993092-42140,Oceania
Yes,IN-2013-JC157757-41310,Oceania
Yes,IN-2013-DL129257-41418,Oceania
Yes,ID-2015-ST205307-42336,Oceania
Yes,IN-2015-PB191057-42281,Oceania
Yes,IN-2013-MH180257-41443,Oceania
Yes,ID-2015-LW172157-42293,Oceania
Yes,ID-2015-CS123557-42328,Oceania
Yes,IN-2015-KM163757-42342,Oceania
Yes,ID-2015-TB214007-42322,Oceania
Yes,ID-2013-CC126857-41572,Oceania
Yes,ID-2014-RD197207-41776,Oceania
Yes,ID-2014-CJ1187592-41831,Oceania
Yes,IN-2014-BG110357-41735,Oceania
Yes,ID-2015-HA1490592-42287,Oceania
Yes,IN-2014-AM103607-41864,Oceania
Yes,ID-2015-HM148607-42243,Oceania
Yes,IN-2014-KL1655592-41857,Oceania
Yes,IN-2013-PS187607-41402,Oceania
Yes,ID-2015-EN137807-42312,Oceania
Yes,IN-2013-MM172607-41395,Oceania
Yes,IN-2013-MF176657-41300,Oceania
Yes,IN-2012-EH139907-41140,Oceania
Yes,IN-2014-AO108107-41721,Oceania
Yes,ID-2013-BT115307-41508,Oceania
Yes,IN-2014-CC125507-41963,Oceania
Yes,IN-2015-DB129707-42152,Oceania
Yes,IN-2012-BB115457-41194,Oceania
Yes,IN-2012-SG206057-40978,Oceania
Yes,ID-2015-EJ1415592-42299,Oceania
Yes,IN-2012-JL151307-40988,Oceania
Yes,IN-2014-ML177557-41922,Oceania
Yes,ID-2014-DB132107-41934,Oceania
Yes,IN-2014-BD116207-41650,Oceania
Yes,ID-2013-GZ144707-41467,Oceania
Yes,IN-2014-LS172307-41954,Oceania
Yes,ID-2015-MG1814592-42132,Oceania
Yes,IN-2012-TS211607-41179,Oceania
Yes,IN-2012-DB131207-41257,Oceania
Yes,IN-2012-MP179657-41242,Oceania
Yes,ID-2014-JF153557-41649,Oceania
Yes,ID-2012-LH1715592-41091,Oceania
Yes,IN-2015-RH196007-42179,Oceania
Yes,ID-2015-JC1538592-42039,Oceania
Yes,IN-2014-DW131957-41982,Oceania
Yes,IN-2014-HM1486092-41679,Oceania
Yes,ID-2015-SS205907-42361,Oceania
Yes,ID-2015-MG1768092-42032,Oceania
Yes,ID-2013-TM210107-41492,Oceania
Yes,ID-2012-NB1858092-41241,Oceania
Yes,IN-2014-TS211607-41875,Oceania
Yes,IN-2013-RH195107-41573,Oceania
Yes,IN-2013-MG176957-41542,Oceania
Yes,IN-2014-SC205757-41662,Oceania
Yes,IN-2015-JH159857-42221,Oceania
Yes,IN-2013-NP186707-41474,Oceania
Yes,IN-2015-LH171557-42294,Oceania
Yes,ID-2015-GD1459092-42144,Oceania
Yes,ID-2015-GM1445592-42334,Oceania
Yes,ID-2012-RB193307-41261,Oceania
Yes,IN-2015-CR126257-42046,Oceania
Yes,IN-2014-OT187307-41944,Oceania
Yes,IN-2013-SW202757-41585,Oceania
Yes,ID-2015-LS172007-42133,Oceania
Yes,ID-2015-RM197507-42129,Oceania
Yes,IN-2015-AS102857-42217,Oceania
Yes,IN-2015-CR128207-42270,Oceania
Yes,IN-2015-MH1811592-42116,Oceania
Yes,IN-2015-MB180857-42172,Oceania
Yes,ID-2014-LB167957-41829,Oceania
Yes,IN-2014-AJ109457-41793,Oceania
Yes,ID-2014-SC2026092-41894,Oceania
Yes,IN-2015-MO178007-42363,Oceania
Yes,IN-2012-RC198257-41167,Oceania
Yes,IN-2013-JM152657-41576,Oceania
