Returned,Order ID,Region
Yes,SF-2015-MV8190117-42362,Southern Africa
Yes,AG-2013-PO88653-41634,North Africa
Yes,EG-2015-CM211538-42144,North Africa
Yes,CG-2013-SC1030533-41538,Central Africa
Yes,SF-2015-CD1920117-42055,Southern Africa
Yes,EG-2015-AC66038-42250,North Africa
Yes,SF-2014-JD6060117-41648,Southern Africa
Yes,GH-2013-MH729049-41615,Western Africa
Yes,MO-2013-NK849086-41366,North Africa
Yes,NI-2014-RA994595-41979,Western Africa
Yes,KE-2015-JH598569-42317,Eastern Africa
Yes,IV-2014-AM70529-41678,Western Africa
Yes,EG-2015-AY55538-42121,North Africa
Yes,MO-2014-KH669086-41830,North Africa
Yes,MO-2014-MO795086-41706,North Africa
Yes,CG-2015-AM70533-42233,Central Africa
Yes,EG-2015-DM301538-42367,North Africa
Yes,CG-2012-MM828033-40983,Central Africa
Yes,ZA-2015-SW10350146-42061,Eastern Africa
Yes,BN-2012-RW963015-41216,Western Africa
Yes,ZA-2014-JW6075146-41739,Eastern Africa
Yes,NI-2014-MH745595-41696,Western Africa
Yes,SF-2014-EL3735117-41875,Southern Africa
Yes,MO-2015-AB25586-42117,North Africa
Yes,AO-2013-JE57454-41544,Central Africa
Yes,EG-2014-SC1009538-41847,North Africa
Yes,SF-2012-MH7440117-41065,Southern Africa
Yes,ML-2014-BD177079-41893,Western Africa
Yes,AO-2013-SF102004-41628,Central Africa
Yes,EG-2015-RA994538-42342,North Africa
Yes,CG-2014-ML775533-41740,Central Africa
Yes,SF-2012-AG675117-40976,Southern Africa
Yes,AG-2014-CP20853-41889,North Africa
Yes,NI-2013-JB600095-41621,Western Africa
Yes,SF-2015-RS9765117-42224,Southern Africa
Yes,MO-2015-AB60086-42173,North Africa
Yes,NG-2013-NB858094-41469,Western Africa
Yes,SG-2015-BE1410111-42348,Western Africa
Yes,SO-2014-GM4455116-41984,Eastern Africa
Yes,ML-2013-GW460579-41403,Western Africa
Yes,MA-2012-TZ1144577-41037,Eastern Africa
Yes,MO-2015-LA678086-42168,North Africa
Yes,NI-2012-DV304595-41121,Western Africa
Yes,EG-2012-MC727538-41130,North Africa
Yes,SF-2013-KN6390117-41614,Southern Africa
Yes,NI-2012-SP1086095-41090,Western Africa
Yes,RW-2015-BG1740109-42353,Eastern Africa
Yes,CG-2015-PV898533-42225,Central Africa
Yes,SF-2013-PF9165117-41490,Southern Africa
Yes,NI-2015-MK790595-42144,Western Africa
Yes,ET-2014-SV1081543-41814,Eastern Africa
Yes,EK-2014-EP391540-41947,Central Africa
Yes,CG-2015-DW358533-42341,Central Africa
Yes,EG-2013-VG1179038-41590,North Africa
Yes,NI-2012-SN1056095-41065,Western Africa
Yes,EG-2015-RM937538-42360,North Africa
Yes,EG-2013-FA423038-41534,North Africa
Yes,MO-2013-JW607586-41520,North Africa
Yes,AG-2014-RD95853-41712,North Africa
Yes,SF-2013-BD1620117-41376,Southern Africa
Yes,EG-2014-SB1018538-41944,North Africa
Yes,CM-2012-SC1068022-41009,Central Africa
Yes,NI-2015-JG516095-42235,Western Africa
Yes,SF-2012-CC2685117-41263,Southern Africa
Yes,EG-2012-NM844538-41002,North Africa
Yes,NI-2013-EH376595-41500,Western Africa
Yes,TZ-2015-BM1785129-42285,Eastern Africa
Yes,IV-2014-LC688529-41898,Western Africa
Yes,EG-2015-NF838538-42060,North Africa
Yes,NI-2012-BM114095-41061,Western Africa
Yes,NI-2015-JG516095-42353,Western Africa
Yes,SG-2015-AG495111-42164,Western Africa
Yes,ZA-2015-RC9960146-42257,Eastern Africa
Yes,GH-2015-KD661549-42183,Western Africa
Yes,NI-2013-EH412595-41541,Western Africa
Yes,NG-2015-JC577594-42260,Western Africa
Yes,EG-2014-CS186038-41690,North Africa
Yes,NI-2013-DB321095-41521,Western Africa
Yes,NI-2014-JK562595-41779,Western Africa
Yes,NI-2015-BP105095-42249,Western Africa
Yes,BN-2014-KB631515-41904,Western Africa
Yes,ZA-2015-MN7935147-42339,Eastern Africa
Yes,AG-2014-CM21603-41755,North Africa
Yes,NI-2014-CG204095-41856,Western Africa
Yes,NI-2015-EB411095-42174,Western Africa
Yes,ZA-2014-LS6945147-41672,Eastern Africa
Yes,EG-2014-PM894038-41846,North Africa
